法令種別,法令番号,法令名,法令名読み,旧法令名,公布日,改正法令名,改正法令番号,改正法令公布日,施行日,施行日備考,法令ID,本文URL,未施行,所管課確認中
勅令,明治十九年勅令第〇号,メートル条約,めーとるじょうやく,,明治十九年四月二十日,平成２７年８月１日（基準日）現在のデータ,,,,,119IO0000000000,https://elaws.e-gov.go.jp/document?lawid=119IO0000000000_20150801_000000000000000,,
勅令,明治二十年勅令第一号,海底電信線保護万国連合条約ノ説明書,かいていでんしんせんほごばんこくれんごうじょうやくのせつめいしょ,,明治二十年十二月二十二日,平成２７年８月１日（基準日）現在のデータ,,,,,120IO0000000001,https://elaws.e-gov.go.jp/document?lawid=120IO0000000001_20150801_000000000000000,,
勅令,明治二十年勅令第二号,海上法ノ要義ヲ確定スル為メ西暦千八百五十六年四月十六日巴里公会ニ於テ決定セシ宣言,かいじょうほうのようぎをかくていするためせいれき１８５６ねん４がつ１６にちぱりこうかいにおいてけっていせしせんげん,,明治二十年三月二十四日,平成２７年８月１日（基準日）現在のデータ,,,,,120IO0000000002,https://elaws.e-gov.go.jp/document?lawid=120IO0000000002_20150801_000000000000000,,
勅令,明治三十三年勅令第一号,窒息セシムヘキ瓦斯又ハ有毒質ノ瓦斯ヲ散布スルヲ唯一ノ目的トスル投射物ノ使用ヲ各自ニ禁止スル宣言書,ちっそくせしむへきがすまたはゆうどくしつのがすをさんぷするをゆいいつのもくてきとするとうしゃもののしようをかくじにきんしするせんげんしょ,,明治三十三年十一月二十二日,平成２７年８月１日（基準日）現在のデータ,,,,,133IO0000000001,https://elaws.e-gov.go.jp/document?lawid=133IO0000000001_20150801_000000000000000,,
勅令,明治三十三年勅令第二号,外包硬固ナル弾丸ニシテ其ノ外包中心ノ全部ヲ蓋包セス若ハ其ノ外包ニ截刻ヲ施シタルモノノ如キ人体内ニ入テ容易ニ開展シ又ハ扁平ト為ルヘキ弾丸ノ使用ヲ各自ニ禁止スル宣言書,がいほうこうこなるだんがんにしてそのがいほうちゅうしんのぜんぶをがいほうせすもしくはそのがいほうにせつこくをほどこしたるもののごときじんたいないにいりてよういにかいてんしまたはへんぺいなるへきだんがんのしようをかくじにきんしするせんげんしょ,,明治三十三年十一月二十二日,平成２７年８月１日（基準日）現在のデータ,,,,,133IO0000000002,https://elaws.e-gov.go.jp/document?lawid=133IO0000000002_20150801_000000000000000,,
勅令,明治三十四年勅令第一号,日西特別通商条約,にっせいとくべつつうしょうじょうやく,,明治三十四年四月八日,平成２７年８月１日（基準日）現在のデータ,,,,,134IO0000000001,https://elaws.e-gov.go.jp/document?lawid=134IO0000000001_20150801_000000000000000,,
法律,昭和二十三年政令第二百九十八号,連合国財産上の家屋等の譲渡等に関する政令,れんごうこくざいさんじょうのかおくとうのじょうととうにかんするせいれい,,昭和二十三年九月二十二日,平成２７年８月１日（基準日）現在のデータ,,,,,323CO0000000298,https://elaws.e-gov.go.jp/document?lawid=323CO0000000298_20150801_000000000000000,,
法律,昭和二十四年政令第三百十号,連合国財産である株式の回復に関する政令,れんごうこくざいさんであるかぶしきのかいふくにかんするせいれい,,昭和二十四年八月十八日,平成２７年８月１日（基準日）現在のデータ,,,,,324CO0000000310,https://elaws.e-gov.go.jp/document?lawid=324CO0000000310_20150801_000000000000000,,
法律,昭和二十四年政令第三百十一号,外国政府の不動産に関する権利の取得に関する政令,がいこくせいふのふどうさんにかんするけんりのしゅとくにかんするせいれい,,昭和二十四年八月十八日,平成２７年８月１日（基準日）現在のデータ,,,,,324CO0000000311,https://elaws.e-gov.go.jp/document?lawid=324CO0000000311_20150801_000000000000000,,
府省令,昭和二十四年大蔵省令第八十五号,連合国財産である株式の回復に関する政令の施行に関する省令,れんごうこくざいさんであるかぶしきのかいふくにかんするせいれいのせこうにかんするしょうれい,,昭和二十四年九月十日,平成２８年１０月１日（基準日）現在のデータ,,,,,324M50000040085,https://elaws.e-gov.go.jp/document?lawid=324M50000040085_20161001_000000000000000,,
府省令,昭和二十四年公正取引委員会規則第六号,昭和二十四年公正取引委員会規則第六号（連合国財産である株式の回復に関する政令第二十二条第一項の規定による認可申請に関する規則）,しょうわにじゅうよねんこうせいとりひきいいんかいきそくだいろくごう（れんごうこくざいさんであるかぶしきのかいふくにかんするせいれいだいにじゅうにじょうだいいっこうのきていによるにんかしんせいにかんするきそく）,,昭和二十四年十二月六日," ",,,昭和二十四年十二月六日,,324M50200000006,https://elaws.e-gov.go.jp/document?lawid=324M50200000006_19491206_000000000000000,,
規則,昭和二十四年外資委員会規則第二号,外国政府の不動産に関する権利の取得に関する規則,がいこくせいふのふどうさんにかんするけんりのしゅとくにかんするきそく,,昭和二十四年十月四日,平成２８年１０月１日（基準日）現在のデータ,,,,,324R00000010002,https://elaws.e-gov.go.jp/document?lawid=324R00000010002_20161001_000000000000000,,
府省令,平成三十年国家公安委員会規則第十五号,重大な犯罪を防止し、及びこれと戦う上での協力の強化に関する日本国政府とアメリカ合衆国政府との間の協定の実施に関する法律施行規則,じゅうだいなはんざいをぼうししおよびこれとたたかううえでのきょうりょくのきょうかにかんするにほんこくせいふとあめりかがっしゅうこくせいふとのかんのきょうていのじっしにかんするほうりつせこうきそく,,平成三十年十一月二十日,,,,平成三十一年一月五日,,430M60400000015,https://elaws.e-gov.go.jp/document?lawid=430M60400000015_20190105_000000000000000,,
法律,昭和二十四年政令第二百九十一号,旧日本占領地域に本店を有する会社の本邦内にある財産の整理に関する政令,きゅうにほんせんりょうちいきにほんてんをゆうするかいしゃのほんぽうないにあるざいさんのせいりにかんするせいれい,,昭和二十四年八月一日,民法の一部を改正する法律の施行に伴う関係法律の整備等に関する法律,平成二十九年法律第四十五号,平成二十九年六月二日,令和二年四月一日,,324CO0000000291,https://elaws.e-gov.go.jp/document?lawid=324CO0000000291_20200401_429AC0000000045,,
法律,昭和二十五年政令第二百五十二号,ドイツ財産管理令,どいつざいさんかんりれい,,昭和二十五年八月四日,平成２７年８月１日（基準日）現在のデータ,,,,,325CO0000000252,https://elaws.e-gov.go.jp/document?lawid=325CO0000000252_20150801_000000000000000,,
府省令,昭和二十五年大蔵省令第百号,外国政府の不動産に関する権利の取得に関する省令,がいこくせいふのふどうさんにかんするけんりのしゅとくにかんするしょうれい,,昭和二十五年十月十一日,外国政府の不動産に関する権利の取得に関する省令等の一部を改正する省令,令和元年財務省令第九号,令和元年六月二十四日,令和元年七月一日,,325M50000040100,https://elaws.e-gov.go.jp/document?lawid=325M50000040100_20190701_501M60000040009,,
府省令,昭和二十五年総理府・大蔵省令第二号,ドイツ財産管理令の施行に関する命令,どいつざいさんかんりれいのせこうにかんするめいれい,,昭和二十五年八月二十三日,平成２８年１０月１日（基準日）現在のデータ,,,,,325M50000042002,https://elaws.e-gov.go.jp/document?lawid=325M50000042002_20161001_000000000000000,,
法律,昭和二十六年法律第二百六十四号,連合国財産補償法,れんごうこくざいさんほしょうほう,,昭和二十六年十一月二十六日,行政不服審査法の施行に伴う関係法律の整備等に関する法律,平成二十六年法律第六十九号,平成二十六年六月十三日,平成二十八年四月一日,,326AC0000000264,https://elaws.e-gov.go.jp/document?lawid=326AC0000000264_20160401_426AC0000000069,,
法律,昭和二十六年法律第二百六十七号,旅券法,りょけんほう,,昭和二十六年十一月二十八日,情報通信技術の活用による行政手続等に係る関係者の利便性の向上並びに行政運営の簡素化及び効率化を図るための行政手続等における情報通信の技術の利用に関する法律等の一部を改正する法律,令和元年法律第十六号,令和元年五月三十一日,令和元年十二月十六日,,326AC0000000267,https://elaws.e-gov.go.jp/document?lawid=326AC0000000267_20191216_501AC0000000016,,
法律,昭和二十六年法律第二百六十七号,旅券法,りょけんほう,,昭和二十六年十一月二十八日,民法の一部を改正する法律,平成三十年法律第五十九号,平成三十年六月二十日,令和四年四月一日,,326AC0000000267,https://elaws.e-gov.go.jp/document?lawid=326AC0000000267_20220401_430AC0000000059,○,
法律,昭和二十六年法律第二百八十九号,旧外貨債処理法による借換済外貨債の証券の一部の有効化等に関する法律,きゅうがいかさいしょりほうによるしゃくかんすみがいかさいのしょうけんのいちぶのゆうこうかとうにかんするほうりつ,,昭和二十六年十二月三日,平成２７年８月１日（基準日）現在のデータ,,,,,326AC0000000289,https://elaws.e-gov.go.jp/document?lawid=326AC0000000289_20150801_000000000000000,,
法律,昭和二十六年政令第六号,連合国財産の返還等に関する政令,れんごうこくざいさんのへんかんとうにかんするせいれい,,昭和二十六年一月二十二日,平成２７年８月１日（基準日）現在のデータ,,,,,326CO0000000006,https://elaws.e-gov.go.jp/document?lawid=326CO0000000006_20150801_000000000000000,,
法律,昭和二十六年政令第四十号,朝鮮総督府交通局共済組合の本邦内にある財産の整理に関する政令,ちょうせんそうとくふこうつうきょくきょうさいくみあいのほんぽうないにあるざいさんのせいりにかんするせいれい,,昭和二十六年三月六日,平成２７年８月１日（基準日）現在のデータ,,,,,326CO0000000040,https://elaws.e-gov.go.jp/document?lawid=326CO0000000040_20150801_000000000000000,,
府省令,昭和二十六年総理府令第二十四号,朝鮮総督府交通局共済組合の本邦内にある財産の整理に関する政令の施行に関する総理府令,ちょうせんそうとくふこうつうきょくきょうさいくみあいのほんぽうないにあるざいさんのせいりにかんするせいれいのせこうにかんするそうりふれい,,昭和二十六年六月六日,平成２８年１０月１日（基準日）現在のデータ,,,,,326M50000002024,https://elaws.e-gov.go.jp/document?lawid=326M50000002024_20161001_000000000000000,,
府省令,平成十七年内閣府令第九号,武力攻撃事態及び存立危機事態における捕虜等の取扱いに関する法律施行規則,ぶりょくこうげきじたいおよびそんりつききじたいにおけるほりょとうのとりあつかいにかんするほうりつせこうきそく,,平成十七年二月二十五日,武力攻撃事態及び存立危機事態における捕虜等の取扱いに関する法律施行規則の一部を改正する省令,令和二年防衛省令第二号,令和二年三月三十日,令和二年四月一日,,417M60000002009,https://elaws.e-gov.go.jp/document?lawid=417M60000002009_20200401_502M60002000002,,
府省令,昭和二十六年総理府・大蔵省令第一号,連合国財産の返還等に関する政令の施行に関する命令,れんごうこくざいさんのへんかんとうにかんするせいれいのせこうにかんするめいれい,,昭和二十六年三月六日,平成２８年１０月１日（基準日）現在のデータ,,,,,326M50000042001,https://elaws.e-gov.go.jp/document?lawid=326M50000042001_20161001_000000000000000,,
法律,昭和二十七年法律第百七十四号,日本国との平和条約の効力の発生及び日本国とアメリカ合衆国との間の安全保障条約第三条に基く行政協定の実施等に伴い国家公務員法等の一部を改正する等の法律　抄,にほんこくとのへいわじょうやくのこうりょくのはっせいおよびにほんこくとあめりかがっしゅうこくとのあいだのあんぜんほしょうじょうやくだいさんじょうにもとづくぎょうせいきょうていのじっしとうにともないこっかこうむいんほうとうのいちぶをかいせいするとうのほうりつ　しょう,,昭和二十七年六月十日,平成２７年８月１日（基準日）現在のデータ,,,,,327AC0000000174,https://elaws.e-gov.go.jp/document?lawid=327AC0000000174_20150801_000000000000000,,
法律,昭和二十七年法律第百八十二号,外国の領事官に交付する認可状の認証に関する法律,がいこくのりょうじかんにこうふするにんかじょうのにんしょうにかんするほうりつ,,昭和二十七年六月十二日,平成２７年８月１日（基準日）現在のデータ,,,,,327AC0000000182,https://elaws.e-gov.go.jp/document?lawid=327AC0000000182_20150801_000000000000000,,
法律,昭和二十七年法律第百九十一号,国際通貨基金及び国際復興開発銀行への加盟に伴う措置に関する法律,こくさいつうかききんおよびこくさいふっこうかいはつぎんこうへのかめいにともなうそちにかんするほうりつ,,昭和二十七年六月十四日,国際通貨基金及び国際復興開発銀行への加盟に伴う措置に関する法律の一部を改正する法律,平成三十一年法律第十二号,平成三十一年三月三十日,平成三十一年三月三十日,,327AC0000000191,https://elaws.e-gov.go.jp/document?lawid=327AC0000000191_20190330_431AC0000000012,,
政令,昭和二十七年政令第七十八号,旧外貨債処理法による借換済外貨債の証券の一部の有効化等に関する法律施行令,きゅうがいかさいしょりほうによるしゃくかんすみがいかさいのしょうけんのいちぶのゆうこうかとうにかんするほうりつせこうれい,,昭和二十七年三月三十一日,民法の一部を改正する法律及び民法の一部を改正する法律の施行に伴う関係法律の整備等に関する法律の施行に伴う関係政令の整備に関する政令,平成三十年政令第百八十三号,平成三十年六月六日,令和二年四月一日,,327CO0000000078,https://elaws.e-gov.go.jp/document?lawid=327CO0000000078_20200401_430CO0000000183,,
政令,昭和二十七年政令第百二十九号,連合国財産補償法施行令,れんごうこくざいさんほしょうほうせこうれい,,昭和二十七年四月二十八日,平成２７年８月１日（基準日）現在のデータ,,,,,327CO0000000129,https://elaws.e-gov.go.jp/document?lawid=327CO0000000129_20150801_000000000000000,,
政令,昭和二十七年政令第三百六十五号,連合国財産の返還等に関する政令第二条第二項第一号に掲げる政令で定める国を定める政令,れんごうこくざいさんのへんかんとうにかんするせいれいだいにじょうだいにこうだいいちごうにかかげるせいれいでさだめるくにをさだめるせいれい,,昭和二十七年八月二十五日,平成２７年８月１日（基準日）現在のデータ,,,,,327CO0000000365,https://elaws.e-gov.go.jp/document?lawid=327CO0000000365_20150801_000000000000000,,
府省令,昭和二十七年大蔵省令第三十六号,旧外貨債処理法による借換済外貨債の証券の一部の有効化等に関する法律施行令に規定する書類の様式及び記載事項を定める省令,きゅうがいかさいしょりほうによるしゃくかんすみがいかさいのしょうけんのいちぶのゆうこうかとうにかんするほうりつせこうれいにきていするしょるいのようしきおよびきさいじこうをさだめるしょうれい,,昭和二十七年三月三十一日,国債規則等の一部を改正する省令,令和二年財務省令第八十九号,令和二年十二月二十五日,令和二年十二月二十五日,,327M50000040036,https://elaws.e-gov.go.jp/document?lawid=327M50000040036_20201225_502M60000040089,,
府省令,昭和二十七年大蔵省令第五十号,連合国財産補償法施行規則,れんごうこくざいさんほしょうほうせこうきそく,,昭和二十七年四月二十八日,平成２８年１０月１日（基準日）現在のデータ,,,,,327M50000040050,https://elaws.e-gov.go.jp/document?lawid=327M50000040050_20161001_000000000000000,,
府省令,昭和二十七年大蔵省・運輸省令第二号,連合国財産の返還の請求の手続等に関する命令,れんごうこくざいさんのへんかんのせいきゅうのてつづきとうにかんするめいれい,,昭和二十七年四月二十八日,平成２８年１０月１日（基準日）現在のデータ,,,,,327M50000840002,https://elaws.e-gov.go.jp/document?lawid=327M50000840002_20161001_000000000000000,,
府省令,昭和二十九年総理府令第五十七号,特需契約から生ずる紛争の調停付託手続等に関する省令,とくじゅけいやくからしょうずるふんそうのちょうていふたくてつづきとうにかんするしょうれい,,昭和二十九年七月二十一日,特需契約から生ずる紛争の調停付託手続等に関する省令等の一部を改正する省令,令和元年防衛省令第二号,令和元年五月二十二日,令和元年五月二十二日,,329M50000002057,https://elaws.e-gov.go.jp/document?lawid=329M50000002057_20190522_501M60002000002,,
法律,昭和三十一年法律第百六十七号,国際金融公社への加盟に伴う措置に関する法律,こくさいきんゆうこうしゃへのかめいにともなうそちにかんするほうりつ,,昭和三十一年七月二日,国際金融公社への加盟に伴う措置に関する法律及び国際開発協会への加盟に伴う措置に関する法律の一部を改正する法律,令和二年法律第十五号,令和二年三月三十一日,令和二年三月三十一日,,331AC0000000167,https://elaws.e-gov.go.jp/document?lawid=331AC0000000167_20200331_502AC0000000015,,
政令,平成二十三年政令第三百四十五号,南スーダン国際平和協力隊の設置等に関する政令,みなみすーだんこくさいへいわきょうりょくたいのせっちとうにかんするせいれい,,平成二十三年十一月十八日,南スーダン国際平和協力隊の設置等に関する政令の一部を改正する政令,令和二年政令第百七十七号,令和二年五月二十七日,令和二年五月二十七日,,423CO0000000345,https://elaws.e-gov.go.jp/document?lawid=423CO0000000345_20200527_502CO0000000177,,
法律,昭和三十四年法律第百三十五号,接収貴金属等の処理に関する法律,せっしゅうききんぞくとうのしょりにかんするほうりつ,,昭和三十四年四月十五日,平成２７年８月１日（基準日）現在のデータ,,,,,334AC0000000135,https://elaws.e-gov.go.jp/document?lawid=334AC0000000135_20150801_000000000000000,,
法律,昭和三十四年法律第百六十五号,連合国財産の返還等に伴う損失の処理等に関する法律,れんごうこくざいさんのへんかんとうにともなうそんしつのしょりとうにかんするほうりつ,,昭和三十四年五月十五日,平成２７年８月１日（基準日）現在のデータ,,,,,334AC0000000165,https://elaws.e-gov.go.jp/document?lawid=334AC0000000165_20150801_000000000000000,,
政令,昭和三十四年政令第百八十八号,接収貴金属等の処理に関する法律施行令,せっしゅうききんぞくとうのしょりにかんするほうりつせこうれい,,昭和三十四年五月二十五日,平成２７年８月１日（基準日）現在のデータ,,,,,334CO0000000188,https://elaws.e-gov.go.jp/document?lawid=334CO0000000188_20150801_000000000000000,,
政令,昭和三十四年政令第二百六十六号,連合国財産の返還等に伴う損失の処理等に関する法律施行令,れんごうこくざいさんのへんかんとうにともなうそんしつのしょりとうにかんするほうりつせこうれい,,昭和三十四年七月二十八日,平成２７年８月１日（基準日）現在のデータ,,,,,334CO0000000266,https://elaws.e-gov.go.jp/document?lawid=334CO0000000266_20150801_000000000000000,,
府省令,昭和三十四年大蔵省令第四十三号,接収貴金属等の処理に関する法律施行規則,せっしゅうききんぞくとうのしょりにかんするほうりつせこうきそく,,昭和三十四年五月三十日,平成２８年１０月１日（基準日）現在のデータ,,,,,334M50000040043,https://elaws.e-gov.go.jp/document?lawid=334M50000040043_20161001_000000000000000,,
府省令,昭和三十四年大蔵省令第四十四号,日本銀行保管貴金属等取扱規則,にほんぎんこうほかんききんぞくとうとりあつかいきそく,,昭和三十四年五月三十日,平成２８年１０月１日（基準日）現在のデータ,,,,,334M50000040044,https://elaws.e-gov.go.jp/document?lawid=334M50000040044_20161001_000000000000000,,
府省令,昭和三十四年大蔵省令第五十九号,連合国財産の返還等に伴う損失の処理等に関する法律施行規則,れんごうこくざいさんのへんかんとうにともなうそんしつのしょりとうにかんするほうりつせこうきそく,,昭和三十四年八月二十二日,平成２８年１０月１日（基準日）現在のデータ,,,,,334M50000040059,https://elaws.e-gov.go.jp/document?lawid=334M50000040059_20161001_000000000000000,,
法律,昭和三十五年法律第百五十三号,国際開発協会への加盟に伴う措置に関する法律,こくさいかいはつきょうかいへのかめいにともなうそちにかんするほうりつ,,昭和三十五年十二月二十二日,国際金融公社への加盟に伴う措置に関する法律及び国際開発協会への加盟に伴う措置に関する法律の一部を改正する法律,令和二年法律第十五号,令和二年三月三十一日,令和二年三月三十一日,,335AC0000000153,https://elaws.e-gov.go.jp/document?lawid=335AC0000000153_20200331_502AC0000000015,,
府省令,昭和三十五年大蔵省令第六十三号,国際開発協会への加盟に伴う国債の発行等に関する省令,こくさいかいはつきょうかいへのかめいにともなうこくさいのはっこうとうにかんするしょうれい,,昭和三十五年十二月二十二日,平成２８年１０月１日（基準日）現在のデータ,,,,,335M50000040063,https://elaws.e-gov.go.jp/document?lawid=335M50000040063_20161001_000000000000000,,
法律,昭和三十六年法律第百九十九号,特殊海事損害の賠償の請求に関する特別措置法,とくしゅかいじそんがいのばいしょうのせいきゅうにかんするとくべつそちほう,,昭和三十六年十一月九日,平成２７年８月１日（基準日）現在のデータ,,,,,336AC0000000199,https://elaws.e-gov.go.jp/document?lawid=336AC0000000199_20150801_000000000000000,,
政令,昭和三十七年政令第六十二号,特殊海事損害の賠償の請求に関する特別措置法施行令,とくしゅかいじそんがいのばいしょうのせいきゅうにかんするとくべつそちほうせこうれい,,昭和三十七年三月二十三日,平成２７年８月１日（基準日）現在のデータ,,,,,337CO0000000062,https://elaws.e-gov.go.jp/document?lawid=337CO0000000062_20150801_000000000000000,,
府省令,昭和三十八年総理府令第二号,特殊海事損害の賠償の請求に関する特別措置法施行規則,とくしゅかいじそんがいのばいしょうのせいきゅうにかんするとくべつそちほうせこうきそく,,昭和三十八年二月六日,特需契約から生ずる紛争の調停付託手続等に関する省令等の一部を改正する省令,令和元年防衛省令第二号,令和元年五月二十二日,令和元年五月二十二日,,338M50000002002,https://elaws.e-gov.go.jp/document?lawid=338M50000002002_20190522_501M60002000002,,
府省令,平成二十八年法務省・厚生労働省令第三号,外国人の技能実習の適正な実施及び技能実習生の保護に関する法律施行規則,がいこくじんのぎのうじっしゅうのてきせいなじっしおよびぎのうじっしゅうせいのほごにかんするほうりつせこうきそく,,平成二十八年十一月二十八日,外国人の技能実習の適正な実施及び技能実習生の保護に関する法律施行規則の一部を改正する省令,令和二年法務省・厚生労働省令第五号,令和二年七月十七日,令和二年七月十七日,,428M60000110003,https://elaws.e-gov.go.jp/document?lawid=428M60000110003_20200717_502M60000110005,,
法律,昭和四十年法律第百四十四号,財産及び請求権に関する問題の解決並びに経済協力に関する日本国と大韓民国との間の協定第二条の実施に伴う大韓民国等の財産権に対する措置に関する法律,ざいさんおよびせいきゅうけんにかんするもんだいのかいけつならびにけいざいきょうりょくにかんするにほんこくとだいかんみんこくとのあいだのきょうていだいにじょうのじっしにともなうだいかんみんこくとうのざいさんけんにたいするそちにかんするほうりつ,,昭和四十年十二月十七日,平成２７年８月１日（基準日）現在のデータ,,,,,340AC0000000144,https://elaws.e-gov.go.jp/document?lawid=340AC0000000144_20150801_000000000000000,,
府省令,昭和四十年郵政省令第四十三号,財産及び請求権に関する問題の解決並びに経済協力に関する日本国と大韓民国との間の協定第二条の実施に伴う大韓民国等の財産権に対する措置に関する法律の施行に伴う大韓民国の国民等の有する郵便貯金、郵便為替及び郵便振替貯金に関する権利並びに簡易生命保険及び郵便年金に関する権利の確認に関する省令,ざいさんおよびせいきゅうけんにかんするもんだいのかいけつならびにけいざいきょうりょくにかんするにほんこくとだいかんみんこくとのあいだのきょうていだいにじょうのじっしにともなうだいかんみんこくとうのざいさんけんにたいするそちにかんするほうりつのせこうにともなうだいかんみんこくのこくみんとうのゆうするゆうびんちょきん、ゆうびんかわせおよびゆうびんふりかえちょきんにかんするけんりならびにかんいせいめいほけんおよびゆうびんねんきんにかんするけんりのかくにんにかんするしょうれい,,昭和四十年十二月十八日,平成２８年１０月１日（基準日）現在のデータ,,,,,340M50001000043,https://elaws.e-gov.go.jp/document?lawid=340M50001000043_20161001_000000000000000,,
法律,昭和四十一年法律第百三十八号,アジア開発銀行への加盟に伴う措置に関する法律,あじあかいはつぎんこうへのかめいにともなうそちにかんするほうりつ,,昭和四十一年八月二十四日,平成２７年８月１日（基準日）現在のデータ,,,,,341AC0000000138,https://elaws.e-gov.go.jp/document?lawid=341AC0000000138_20150801_000000000000000,,
府省令,平成二十六年法務省令第三十七号,出入国管理及び難民認定法別表第一の二の表の高度専門職の項の下欄の基準を定める省令,しゅつにゅうこくかんりおよびなんみんにんていほうべっぴょうだいいちのにのひょうのこうどせんもんしょくのこうのからんのきじゅんをさだめるしょうれい,,平成二十六年十二月二十六日,出入国管理及び難民認定法別表第一の二の表の高度専門職の項の下欄の基準を定める省令の一部を改正する省令,平成三十一年法務省令第一号,平成三十一年一月十七日,平成三十一年一月十七日,,426M60000010037,https://elaws.e-gov.go.jp/document?lawid=426M60000010037_20190117_431M60000010001,,
府省令,昭和四十一年大蔵省令第五十二号,アジア開発銀行への加盟に伴う国債の発行等に関する省令,あじあかいはつぎんこうへのかめいにともなうこくさいのはっこうとうにかんするしょうれい,,昭和四十一年九月七日,平成２８年１０月１日（基準日）現在のデータ,,,,,341M50000040052,https://elaws.e-gov.go.jp/document?lawid=341M50000040052_20161001_000000000000000,,
府省令,昭和四十五年大蔵省令第二十二号,国際通貨基金への加盟に伴う国際通貨基金通貨代用証券の発行等に関する省令,こくさいつうかききんへのかめいにともなうこくさいつうかききんつうかだいようしょうけんのはっこうとうにかんするしょうれい,,昭和四十五年四月十七日,平成２８年１０月１日（基準日）現在のデータ,,,,,345M50000040022,https://elaws.e-gov.go.jp/document?lawid=345M50000040022_20161001_000000000000000,,
府省令,昭和四十五年大蔵省令第二十三号,国際復興開発銀行への加盟に伴う国債の発行等に関する省令,こくさいふっこうかいはつぎんこうへのかめいにともなうこくさいのはっこうとうにかんするしょうれい,,昭和四十五年四月十七日,国際復興開発銀行への加盟に伴う国債の発行等に関する省令の一部を改正する省令,平成三十一年財務省令第二十九号,平成三十一年四月一日,平成三十一年四月一日,,345M50000040023,https://elaws.e-gov.go.jp/document?lawid=345M50000040023_20190401_431M60000040029,,
政令,昭和四十七年政令第百四号,沖縄の復帰に伴う外務省関係法令の適用の経過措置に関する政令　抄,おきなわのふっきにともなうがいむしょうかんけいほうれいのてきようのけいかそちにかんするせいれい　しょう,,昭和四十七年四月二十八日,平成２７年８月１日（基準日）現在のデータ,,,,,347CO0000000104,https://elaws.e-gov.go.jp/document?lawid=347CO0000000104_20150801_000000000000000,,
法律,昭和四十八年法律第三十八号,アフリカ開発基金への参加に伴う措置に関する法律,あふりかかいはつききんへのさんかにともなうそちにかんするほうりつ,,昭和四十八年六月二十六日,平成２７年８月１日（基準日）現在のデータ,,,,,348AC0000000038,https://elaws.e-gov.go.jp/document?lawid=348AC0000000038_20150801_000000000000000,,
府省令,昭和四十八年大蔵省令第三十九号,アフリカ開発基金への参加に伴う国債の発行等に関する省令,あふりかかいはつききんへのさんかにともなうこくさいのはっこうとうにかんするしょうれい,,昭和四十八年七月二十日,平成２８年１０月１日（基準日）現在のデータ,,,,,348M50000040039,https://elaws.e-gov.go.jp/document?lawid=348M50000040039_20161001_000000000000000,,
法律,昭和五十一年法律第四十号,米州開発銀行への加盟に伴う措置に関する法律,べいしゅうかいはつぎんこうへのかめいにともなうそちにかんするほうりつ,,昭和五十一年五月二十九日,平成２７年８月１日（基準日）現在のデータ,,,,,351AC0000000040,https://elaws.e-gov.go.jp/document?lawid=351AC0000000040_20150801_000000000000000,,
府省令,昭和五十一年大蔵省令第十七号,米州開発銀行への加盟に伴う国債の発行等に関する省令,べいしゅうかいはつぎんこうへのかめいにともなうこくさいのはっこうとうにかんするしょうれい,,昭和五十一年六月二十一日,平成２８年１０月１日（基準日）現在のデータ,,,,,351M50000040017,https://elaws.e-gov.go.jp/document?lawid=351M50000040017_20161001_000000000000000,,
法律,昭和五十二年法律第二十八号,国際農業開発基金への加盟に伴う措置に関する法律,こくさいのうぎょうかいはつききんへのかめいにともなうそちにかんするほうりつ,,昭和五十二年四月三十日,平成２７年８月１日（基準日）現在のデータ,,,,,352AC0000000028,https://elaws.e-gov.go.jp/document?lawid=352AC0000000028_20150801_000000000000000,,
府省令,昭和五十二年大蔵省令第五十一号,国際農業開発基金への加盟に伴う国債の発行等に関する省令,こくさいのうぎょうかいはつききんへのかめいにともなうこくさいのはっこうとうにかんするしょうれい,,昭和五十二年十二月二十日,平成２８年１０月１日（基準日）現在のデータ,,,,,352M50000040051,https://elaws.e-gov.go.jp/document?lawid=352M50000040051_20161001_000000000000000,,
法律,昭和五十六年法律第四十一号,アフリカ開発銀行への加盟に伴う措置に関する法律,あふりかかいはつぎんこうへのかめいにともなうそちにかんするほうりつ,,昭和五十六年五月十五日,平成２７年８月１日（基準日）現在のデータ,,,,,356AC0000000041,https://elaws.e-gov.go.jp/document?lawid=356AC0000000041_20150801_000000000000000,,
法律,昭和五十六年法律第四十二号,一次産品のための共通基金への加盟に伴う措置に関する法律,いちじさんひんのためのきょうつうききんへのかめいにともなうそちにかんするほうりつ,,昭和五十六年五月十五日,平成２７年８月１日（基準日）現在のデータ,,,,,356AC0000000042,https://elaws.e-gov.go.jp/document?lawid=356AC0000000042_20150801_000000000000000,,
府省令,昭和五十八年大蔵省令第三号,アフリカ開発銀行への加盟に伴う国債の発行等に関する省令,あふりかかいはつぎんこうへのかめいにともなうこくさいのはっこうとうにかんするしょうれい,,昭和五十八年二月十六日,平成２８年１０月１日（基準日）現在のデータ,,,,,358M50000040003,https://elaws.e-gov.go.jp/document?lawid=358M50000040003_20161001_000000000000000,,
府省令,昭和二十四年法務府・外務省・大蔵省・厚生省・農林省・通商産業省・運輸省令第一号,旧日本占領地域に本店を有する会社の本邦内にある財産の整理に関する政令の施行に関する命令,きゅうにほんせんりょうちいきにほんてんをゆうするかいしゃのほんぽうないにあるざいさんのせいりにかんするせいれいのせこうにかんするめいれい,,昭和二十四年八月一日,平成２８年１０月１日（基準日）現在のデータ,,,,,324M50010d61001,https://elaws.e-gov.go.jp/document?lawid=324M50010d61001_20161001_000000000000000,,
府省令,平成三十一年法務省令第五号,特定技能雇用契約及び一号特定技能外国人支援計画の基準等を定める省令,とくていぎのうこようけいやくおよびいちごうとくていぎのうがいこくじんしえんけいかくのきじゅんとうをさだめるしょうれい,,平成三十一年三月十五日,特定技能雇用契約及び一号特定技能外国人支援計画の基準等を定める省令の一部を改正する省令,令和二年法務省令第二十八号,令和二年四月一日,令和二年四月一日,,431M60000010005,https://elaws.e-gov.go.jp/document?lawid=431M60000010005_20200401_502M60000010028,,
府省令,平成三十一年法務省令第六号,出入国管理及び難民認定法別表第一の二の表の特定技能の項の下欄に規定する産業上の分野等を定める省令,しゅつにゅうこくかんりおよびなんみんみんていほうべっぴょうだいいちのにのひょうのとくていぎのうのこうのからんにきていするさんぎょうじょうのぶんやとうをさだめるしょうれい,,平成三十一年三月十五日,,,,平成三十一年四月一日,,431M60000010006,https://elaws.e-gov.go.jp/document?lawid=431M60000010006_20190401_000000000000000,,
法律,昭和六十年法律第六十四号,米州投資公社への加盟に伴う措置に関する法律,べいしゅうとうせこうしゃへのかめいにともなうそちにかんするほうりつ,,昭和六十年六月十四日,平成２７年８月１日（基準日）現在のデータ,,,,,360AC0000000064,https://elaws.e-gov.go.jp/document?lawid=360AC0000000064_20150801_000000000000000,,
法律,昭和六十二年法律第三十六号,多数国間投資保証機関への加盟に伴う措置に関する法律,たすうこくかんとうしほしょうきかんへのかめいにともなうそちにかんするほうりつ,,昭和六十二年五月二十九日,平成２７年８月１日（基準日）現在のデータ,,,,,362AC0000000036,https://elaws.e-gov.go.jp/document?lawid=362AC0000000036_20150801_000000000000000,,
法律,昭和六十二年法律第九十三号,国際緊急援助隊の派遣に関する法律,こくさいきんきゅうえんじょたいのはけんにかんするほうりつ,,昭和六十二年九月十六日,平成２７年８月１日（基準日）現在のデータ,,,,,362AC0000000093,https://elaws.e-gov.go.jp/document?lawid=362AC0000000093_20150801_000000000000000,,
府省令,昭和六十三年大蔵省令第三十一号,多数国間投資保証機関への加盟に伴う国債の発行等に関する省令,たすうこくかんとうしほしょうきかんへのかめいにともなうこくさいのはっこうとうにかんするしょうれい,,昭和六十三年七月一日,平成２８年１０月１日（基準日）現在のデータ,,,,,363M50000040031,https://elaws.e-gov.go.jp/document?lawid=363M50000040031_20161001_000000000000000,,
政令,平成元年政令第百二十二号,旅券法施行令,りょけんほうせこうれい,,平成元年四月二十八日,平成２７年８月１日（基準日）現在のデータ,,,,,401CO0000000122,https://elaws.e-gov.go.jp/document?lawid=401CO0000000122_20150801_000000000000000,,
府省令,平成元年外務省令第十一号,旅券法施行規則,りょけんほうせこうきそく,,平成元年十二月八日,旅券法施行規則の一部を改正する省令,令和二年外務省令第十七号,令和二年十二月二十八日,令和二年十二月二十八日,,401M50000020011,https://elaws.e-gov.go.jp/document?lawid=401M50000020011_20201228_502M60000020017,,
府省令,平成二年大蔵省令第二十五号,一次産品のための共通基金への加盟に伴う国債の発行等に関する省令,いちじさんひんのためのきょうつうききんへのかめいにともなうこくさいのはっこうとうにかんするしょうれい,,平成二年六月十五日,平成２８年１０月１日（基準日）現在のデータ,,,,,402M50000040025,https://elaws.e-gov.go.jp/document?lawid=402M50000040025_20161001_000000000000000,,
法律,平成三年法律第二十二号,欧州復興開発銀行への加盟に伴う措置に関する法律,おうしゅうふっこうかいはつぎんこうへのかめいにともなうそちにかんするほうりつ,,平成三年三月三十日,平成２７年８月１日（基準日）現在のデータ,,,,,403AC0000000022,https://elaws.e-gov.go.jp/document?lawid=403AC0000000022_20150801_000000000000000,,
法律,平成三年法律第七十一号,日本国との平和条約に基づき日本の国籍を離脱した者等の出入国管理に関する特例法,にほんこくとのへいわじょうやくにもとづきにほんのこくせきをりだつしたものとうのしゅつにゅうこくかんりにかんするとくれいほう,,平成三年五月十日,出入国管理及び難民認定法及び法務省設置法の一部を改正する法律,平成三十年法律第百二号,平成三十年十二月十四日,平成三十一年四月一日,,403AC0000000071,https://elaws.e-gov.go.jp/document?lawid=403AC0000000071_20190401_430AC0000000102,,
府省令,平成三年大蔵省令第二十五号,欧州復興開発銀行への加盟に伴う国債の発行等に関する省令,おうしゅうふっこうかいはつぎんこうへのかめいにともなうこくさいのはっこうとうにかんするしょうれい,,平成三年五月十五日,平成２８年１０月１日（基準日）現在のデータ,,,,,403M50000040025,https://elaws.e-gov.go.jp/document?lawid=403M50000040025_20161001_000000000000000,,
府省令,平成四年大蔵省令第三十九号,国際金融公社への加盟に伴う国債の発行等に関する省令,こくさいきんゆうこうしゃへのかめいにともなうこくさいのはっこうとうにかんするしょうれい,,平成四年六月二十四日,平成２８年１０月１日（基準日）現在のデータ,,,,,404M50000040039,https://elaws.e-gov.go.jp/document?lawid=404M50000040039_20161001_000000000000000,,
法律,平成五年法律第八十号,民間海外援助事業の推進のための物品の譲与に関する法律,みんかんかいがいえんじょじぎょうのすいしんのためのぶっぴんのじょうよにかんするほうりつ,,平成五年十一月十日,平成２７年８月１日（基準日）現在のデータ,,,,,405AC1000000080,https://elaws.e-gov.go.jp/document?lawid=405AC1000000080_20150801_000000000000000,,
政令,平成七年政令第四百二十一号,ゴラン高原国際平和協力隊の設置等に関する政令,ごらんこうげんこくさいへいわきょうりょくたいのせっちとうにかんするせいれい,,平成七年十二月二十日,平成２７年８月１日（基準日）現在のデータ,,,,,407CO0000000421,https://elaws.e-gov.go.jp/document?lawid=407CO0000000421_20150801_000000000000000,,
政令,平成十一年政令第三百七十八号,東チモール避難民救援国際平和協力隊の設置等に関する政令,ひがしちもーるひなんみんきゅうえんこくさいへいわきょうりょくたいのせっちとうにかんするせいれい,,平成十一年十一月二十二日,平成２７年８月１日（基準日）現在のデータ,,,,,411CO0000000378,https://elaws.e-gov.go.jp/document?lawid=411CO0000000378_20150801_000000000000000,,
法律,平成十二年法律第百四十五号,重要影響事態等に際して実施する船舶検査活動に関する法律,じゅうようえいきょうじたいとうにさいしてじっしするせんぱくけんさかつどうにかんするほうりつ,,平成十二年十二月六日,我が国及び国際社会の平和及び安全の確保に資するための自衛隊法等の一部を改正する法律,平成二十七年法律第七十六号,平成二十七年九月三十日,平成二十八年三月二十九日,,412AC0000000145,https://elaws.e-gov.go.jp/document?lawid=412AC0000000145_20160329_427AC0000000076,,
政令,平成十二年政令第百号,ボスニア・ヘルツェゴヴィナ国際平和協力隊の設置等に関する政令,ぼすにあ・へるつえごびなこくさいへいわきょうりょくたいのせっちとうにかんするせいれい,,平成十二年三月二十七日,平成２７年８月１日（基準日）現在のデータ,,,,,412CO0000000100,https://elaws.e-gov.go.jp/document?lawid=412CO0000000100_20150801_000000000000000,,
政令,平成十三年政令第三百二十六号,アフガニスタン難民救援国際平和協力隊の設置等に関する政令,あふがにすたんなんみんきゅうえんこくさいへいわきょうりょくたいのせっちとうにかんするせいれい,,平成十三年十月五日,平成２７年８月１日（基準日）現在のデータ,,,,,413CO0000000326,https://elaws.e-gov.go.jp/document?lawid=413CO0000000326_20150801_000000000000000,,
政令,平成十三年政令第三百四十八号,コソヴォ国際平和協力隊の設置等に関する政令,こそぼぉこくさいへいわきょうりょくたいのせっちとうにかんするせいれい,,平成十三年十一月七日,平成２７年８月１日（基準日）現在のデータ,,,,,413CO0000000348,https://elaws.e-gov.go.jp/document?lawid=413CO0000000348_20150801_000000000000000,,
政令,平成十五年政令第百二十三号,イラク難民救援国際平和協力隊の設置等に関する政令,いらくなんみんきゅうえんこくさいへいわきょうりょくたいのせっちとうにかんするせいれい,,平成十五年三月二十八日,平成２７年８月１日（基準日）現在のデータ,,,,,415CO0000000123,https://elaws.e-gov.go.jp/document?lawid=415CO0000000123_20150801_000000000000000,,
政令,平成十五年政令第三百六号,イラク被災民救援国際平和協力隊の設置等に関する政令,いらくひさいみんきゅうえんこくさいへいわきょうりょくたいのせっちとうにかんするせいれい,,平成十五年七月七日,平成２７年８月１日（基準日）現在のデータ,,,,,415CO0000000306,https://elaws.e-gov.go.jp/document?lawid=415CO0000000306_20150801_000000000000000,,
政令,平成三十一年政令第百四十八号,シナイ半島国際平和協力隊の設置等に関する政令,しないはんとうこくさいへいわきょうりょくたいのせっちとうにかんするせいれい,,平成三十一年四月五日,シナイ半島国際平和協力隊の設置等に関する政令の一部を改正する政令,令和二年政令第三百二十四号,令和二年十一月十三日,令和二年十一月十三日,,431CO0000000148,https://elaws.e-gov.go.jp/document?lawid=431CO0000000148_20201113_502CO0000000324,,
法律,平成十六年法律第百十三号,武力攻撃事態等及び存立危機事態におけるアメリカ合衆国等の軍隊の行動に伴い我が国が実施する措置に関する法律,ぶりょくこうげきじたいとうおよびそんりつききじたいにおけるあめりかがっしゅうこくとうのぐんたいのこうどうにともないわがくにがじっしするそちにかんするほうりつ,,平成十六年六月十八日,我が国及び国際社会の平和及び安全の確保に資するための自衛隊法等の一部を改正する法律,平成二十七年法律第七十六号,平成二十七年九月三十日,平成二十八年三月二十九日,,416AC0000000113,https://elaws.e-gov.go.jp/document?lawid=416AC0000000113_20160329_427AC0000000076,,
法律,平成十六年法律第百十四号,武力攻撃事態等における特定公共施設等の利用に関する法律,ぶりょくこうげきじたいとうにおけるとくていこうきょうしせつとうのりようにかんするほうりつ,,平成十六年六月十八日,我が国及び国際社会の平和及び安全の確保に資するための自衛隊法等の一部を改正する法律,平成二十七年法律第七十六号,平成二十七年九月三十日,平成二十八年三月二十九日,,416AC0000000114,https://elaws.e-gov.go.jp/document?lawid=416AC0000000114_20160329_427AC0000000076,,
法律,平成十六年法律第百十五号,国際人道法の重大な違反行為の処罰に関する法律,こくさいじんどうほうのじゅうだいないはんこういのしょばつにかんするほうりつ,,平成十六年六月十八日,平成２７年８月１日（基準日）現在のデータ,,,,,416AC0000000115,https://elaws.e-gov.go.jp/document?lawid=416AC0000000115_20150801_000000000000000,,
法律,平成十六年法律第百二十五号,特定船舶の入港の禁止に関する特別措置法,とくていせんぱくのにゅうこうのきんしにかんするとくべつそちほう,,平成十六年六月十八日,平成２７年８月１日（基準日）現在のデータ,,,,,416AC1000000125,https://elaws.e-gov.go.jp/document?lawid=416AC1000000125_20150801_000000000000000,,
政令,平成十六年政令第二百五十四号,国際人道法の重大な違反行為の処罰に関する法律第三条の重要な文化財を定める政令,こくさいじんどうほうのじゅうだいないはんこういのしょばつにかんするほうりつだいさんじょうのじゅうようなぶんかざいをさだめるせいれい,,平成十六年八月六日,平成２７年８月１日（基準日）現在のデータ,,,,,416CO0000000254,https://elaws.e-gov.go.jp/document?lawid=416CO0000000254_20150801_000000000000000,,
政令,平成十六年政令第二百七十八号,武力攻撃事態等及び存立危機事態におけるアメリカ合衆国等の軍隊の行動に伴い我が国が実施する措置に関する法律施行令,ぶりょくこうげきじたいとうおよびそんりつききじたいにおけるあめりかがっしゅうこくとうのぐんたいのこうどうにともないわがくにがじっしするそちにかんするほうりつせこうれい,,平成十六年九月十五日,我が国及び国際社会の平和及び安全の確保に資するための自衛隊法等の一部を改正する法律及び国際平和共同対処事態に際して我が国が実施する諸外国の軍隊等に対する協力支援活動等に関する法律の施行に伴う関係政令の整備に関する政令,平成二十八年政令第八十四号,平成二十八年三月二十五日,平成二十八年三月二十九日,,416CO0000000278,https://elaws.e-gov.go.jp/document?lawid=416CO0000000278_20160329_428CO0000000084,,
政令,平成十六年政令第三百九十二号,武力攻撃事態及び存立危機事態における外国軍用品等の海上輸送の規制に関する法律施行令,ぶりょくこうげきじたいおよびそんりつききじたいにおけるがいこくぐんようひんとうのかいじょうゆそうのきせいにかんするほうりつせこうれい,,平成十六年十二月十日,我が国及び国際社会の平和及び安全の確保に資するための自衛隊法等の一部を改正する法律及び国際平和共同対処事態に際して我が国が実施する諸外国の軍隊等に対する協力支援活動等に関する法律の施行に伴う関係政令の整備に関する政令,平成二十八年政令第八十四号,平成二十八年三月二十五日,平成二十八年三月二十九日,,416CO0000000392,https://elaws.e-gov.go.jp/document?lawid=416CO0000000392_20160329_428CO0000000084,,
府省令,平成十六年内閣府令第七十五号,武力攻撃事態等及び存立危機事態におけるアメリカ合衆国等の軍隊の行動に伴い我が国が実施する措置に関する法律施行規則,ぶりょくこうげきじたいとうおよびそんりつききじたいにおけるあめりかがっしゅうこくとうのぐんたいのこうどうにともないわがくにがじっしするそちにかんするほうりつせこうきそく,,平成十六年九月十五日,特別調達資金会計官及び特別調達資金出納命令官受入事務規程等の一部を改正する省令,令和元年防衛省令第四号,令和元年六月二十六日,令和元年七月一日,,416M60000002075,https://elaws.e-gov.go.jp/document?lawid=416M60000002075_20190701_501M60002000004,,
府省令,平成十六年内閣府令第九十八号,外国軍用品審判規則,がいこくぐんようひんしんぱんきそく,,平成十六年十二月十日,平成２８年１０月１日（基準日）現在のデータ,,,,,416M60000002098,https://elaws.e-gov.go.jp/document?lawid=416M60000002098_20161001_000000000000000,,
法律,平成十六年法律第百十六号,武力攻撃事態及び存立危機事態における外国軍用品等の海上輸送の規制に関する法律,ぶりょくこうげきじたいおよびそんりつじたいききにおけるがいこくぐんようひんとうのかいじょうゆそうのきせいにかんするほうりつ,,平成十六年六月十八日,刑事訴訟法等の一部を改正する法律,平成二十八年法律第五十四号,平成二十八年六月三日,平成二十八年十二月一日,,416AC0000000116,https://elaws.e-gov.go.jp/document?lawid=416AC0000000116_20161201_428AC0000000054,,
政令,平成十六年政令第三百九十三号,武力攻撃事態及び存立危機事態における捕虜等の取扱いに関する法律施行令,ぶりょくこうげきじたいおよびそんりつききじたいにおけるほりょとうのとりあつかいにかんするほうりつせこうれい,,平成十六年十二月十日,我が国及び国際社会の平和及び安全の確保に資するための自衛隊法等の一部を改正する法律及び国際平和共同対処事態に際して我が国が実施する諸外国の軍隊等に対する協力支援活動等に関する法律の施行に伴う関係政令の整備に関する政令,平成二十八年政令第八十四号,平成二十八年三月二十五日,平成二十八年三月二十九日,,416CO0000000393,https://elaws.e-gov.go.jp/document?lawid=416CO0000000393_20160329_428CO0000000084,,
法律,平成十六年法律第百十七号,武力攻撃事態及び存立危機事態における捕虜等の取扱いに関する法律,ぶりょくこうげきじたいにおけるほりょとうのとりあつかいにかんするほうりつ,,平成十六年六月十八日,医薬品、医療機器等の品質、有効性及び安全性の確保等に関する法律等の一部を改正する法律,令和元年法律第六十三号,令和元年十二月四日,令和二年十二月三日,公布の日から起算して一年を超えない範囲内において政令で定める日,416AC0000000117,https://elaws.e-gov.go.jp/document?lawid=416AC0000000117_20201203_501AC0000000063,,
府省令,平成十六年厚生労働省令第百三十号,武力攻撃事態等における国民の保護のための措置に関する法律第九十一条第一項の規定による許可を受けようとする外国医療関係者が厚生労働大臣に提出しなければならない書面等を定める省令,ぶりょくこうげきじたいとうにおけるこくみんのほごのためのそちにかんするほうりつだいくじゅういちじょうだいいっこうのきていによるきょかをうけようとするがいこくいりょうかんけいしゃがこうせいろうどうだいじんにていしゅつしなければならないしょめんとうをさだめるしょうれい,,平成十六年九月十七日,平成２８年１０月１日（基準日）現在のデータ,,,,,416M60000100130,https://elaws.e-gov.go.jp/document?lawid=416M60000100130_20161001_000000000000000,,
府省令,平成十六年国土交通省令第八十六号,武力攻撃事態等における国民の保護のための措置に関する法律施行令第七条の国土交通省令で定める管区海上保安本部の事務所を定める省令,ぶりょくこうげきじたいとうにおけるこくみんのほごのためのそちにかんするほうりつせこうれいだいななじょうのこくどこうつうしょうれいでさだめるかんくかいじょうほあんほんぶのじむしょをさだめるしょうれい,,平成十六年九月十五日,平成２８年１０月１日（基準日）現在のデータ,,,,,416M60000800086,https://elaws.e-gov.go.jp/document?lawid=416M60000800086_20161001_000000000000000,,
法律,平成十七年法律第九十六号,出入国管理及び難民認定法第二条第五号ロの旅券を所持する外国人の上陸申請の特例に関する法律,しゅつにゅうこくかんりおよびなんみんにんていほうだいにじょうだいごごうろのりょけんをしょじするがいこくじんのじょうりくしんせいのとくれいにかんするほうりつ,,平成十七年八月十五日,平成２７年８月１日（基準日）現在のデータ,,,,,417AC1000000096,https://elaws.e-gov.go.jp/document?lawid=417AC1000000096_20150801_000000000000000,,
政令,平成十七年政令第三百二号,出入国管理及び難民認定法第二条第五号ロの旅券を所持する外国人の上陸申請の特例に関する法律施行令,しゅつにゅうこくかんりおよびなんみんにんていほうだいにじょうだいごごうろのりょけんをしょじするがいこくじんのじょうりくしんせいのとくれいにかんするほうりつせこうれい,,平成十七年九月二十二日,平成２７年８月１日（基準日）現在のデータ,,,,,417CO0000000302,https://elaws.e-gov.go.jp/document?lawid=417CO0000000302_20150801_000000000000000,,
府省令,平成十七年内閣府令第十号,捕虜収容所処遇規則,ほりょしゅうようじょしょぐうきそく,,平成十七年二月二十五日,平成２８年１０月１日（基準日）現在のデータ,,,,,417M60000002010,https://elaws.e-gov.go.jp/document?lawid=417M60000002010_20161001_000000000000000,,
府省令,平成十七年内閣府令第十一号,捕虜資格認定審査規則,ほりょしかくにんていしんさきそく,,平成十七年二月二十五日,平成２８年１０月１日（基準日）現在のデータ,,,,,417M60000002011,https://elaws.e-gov.go.jp/document?lawid=417M60000002011_20161001_000000000000000,,
府省令,平成十七年内閣府令第十二号,捕虜等懲戒規則,ほりょとうちょうかいきそく,,平成十七年二月二十五日,平成２８年１０月１日（基準日）現在のデータ,,,,,417M60000002012,https://elaws.e-gov.go.jp/document?lawid=417M60000002012_20161001_000000000000000,,
府省令,平成十七年総務省令第四十四号,武力攻撃事態等における安否情報の収集及び報告の方法並びに安否情報の照会及び回答の手続その他の必要な事項を定める省令,ぶりょくこうげきじたいとうにおけるあんぴじょうほうのしゅうしゅうおよびほうこくのほうほうならびにあんぴじょうほうのしょうかいおよびかいとうのてつづきそのたのひつようなじこうをさだめるしょうれい,,平成十七年三月二十八日,平成２８年１０月１日（基準日）現在のデータ,,,,,417M60000008044,https://elaws.e-gov.go.jp/document?lawid=417M60000008044_20161001_000000000000000,,
法律,平成十八年法律第百三号,ドミニカ移住者に対する特別一時金の支給等に関する法律,どみにかいじゅうしゃにたいするとくべついちじきんのしきゅうとうにかんするほうりつ,,平成十八年十一月二十二日,平成２７年８月１日（基準日）現在のデータ,,,,,418AC1000000103,https://elaws.e-gov.go.jp/document?lawid=418AC1000000103_20150801_000000000000000,,
政令,平成十八年政令第二百三十七号,コンゴ民主共和国国際平和協力隊の設置等に関する政令,こんごみんしゅきょうわこくこくさいへいわきょうりょくたいのせっちとうにかんするせいれい,,平成十八年七月十四日,平成２７年８月１日（基準日）現在のデータ,,,,,418CO0000000237,https://elaws.e-gov.go.jp/document?lawid=418CO0000000237_20150801_000000000000000,,
府省令,平成十八年外務省令第十七号,ドミニカ移住者に対する特別一時金の支給等に関する法律施行規則,どみにかいじゅうしゃにたいするとくべついちじきんのしきゅうとうにかんするほうりつせこうきそく,,平成十八年十二月十八日,平成２８年１０月１日（基準日）現在のデータ,,,,,418M60000020017,https://elaws.e-gov.go.jp/document?lawid=418M60000020017_20161001_000000000000000,,
府省令,平成十八年外務省令第四号,国外における旅券手数料の額を定める省令,こくがいにおけるりょけんてすうりょうのがくをさだめるしょうれい,,平成十八年二月十七日,国外における旅券手数料の額を定める省令及び領事官の徴収する手数料の額を定める省令の一部を改正する省令の一部を改正する省令,令和二年外務省令第三号,令和二年三月十六日,令和二年四月一日,,418M60000020004,https://elaws.e-gov.go.jp/document?lawid=418M60000020004_20200401_502M60000020003,,
法律,平成十九年法律第三十七号,国際刑事裁判所に対する協力等に関する法律,こくさいけいじさいばんしょにたいするきょうりょくとうにかんするほうりつ,,平成十九年五月十一日,組織的な犯罪の処罰及び犯罪収益の規制等に関する法律等の一部を改正する法律,平成二十九年法律第六十七号,平成二十九年六月二十一日,平成二十九年七月十一日,,419AC0000000037,https://elaws.e-gov.go.jp/document?lawid=419AC0000000037_20170711_429AC0000000067,,
政令,平成十九年政令第百五号,東ティモール選挙監視国際平和協力隊の設置等に関する政令,ひがしてぃもーるせんきょかんしこくさいへいわきょうりょくたいのせっちなどにかんするせいれい,,平成十九年三月三十日,平成２７年８月１日（基準日）現在のデータ,,,,,419CO0000000105,https://elaws.e-gov.go.jp/document?lawid=419CO0000000105_20150801_000000000000000,,
政令,平成十九年政令第百六号,ネパール国際平和協力隊の設置等に関する政令,ねぱーるこくさいへいわきょうりょくたいのせっちなどにかんするせいれい,,平成十九年三月三十日,平成２７年８月１日（基準日）現在のデータ,,,,,419CO0000000106,https://elaws.e-gov.go.jp/document?lawid=419CO0000000106_20150801_000000000000000,,
政令,平成十九年政令第二百十一号,国際刑事裁判所に対する協力等に関する法律による没収保全と滞納処分との手続の調整に関する政令,こくさいけいじさいばんしょにたいするきょうりょくとうにかんするほうりつによるぼっしゅうほぜんとたいのうしょぶんとのてつづきのちょうせいにかんするせいれい,,平成十九年七月十九日,平成２７年８月１日（基準日）現在のデータ,,,,,419CO0000000211,https://elaws.e-gov.go.jp/document?lawid=419CO0000000211_20150801_000000000000000,,
府省令,平成十九年国家公安委員会規則第十四号,国際刑事裁判所の引渡しの請求に係る護送中の着陸があった場合における警察官による引渡対象者の拘束に関する手続を定める規則,こくさいけいじさいばんしょのひきわたしのせいきゅうにかかるごそうなかのちゃくりくがあったばあいにおけるけいさつかんによるひきわたしたいしょうしゃのこうそくにかんするてつづきをさだめるきそく,,平成十九年七月十九日,平成２８年１０月１日（基準日）現在のデータ,,,,,419M60400000014,https://elaws.e-gov.go.jp/document?lawid=419M60400000014_20161001_000000000000000,,
政令,平成二十年政令第六十四号,ネパール選挙監視国際平和協力隊の設置等に関する政令,ねぱーるせんきょかんしこくさいへいわきょうりょくたいのせっちとうにかんするせいれい,,平成二十年三月二十四日,平成２７年８月１日（基準日）現在のデータ,,,,,420CO0000000064,https://elaws.e-gov.go.jp/document?lawid=420CO0000000064_20150801_000000000000000,,
政令,平成二十年政令第三百十号,スーダン国際平和協力隊の設置等に関する政令,すーだんこくさいへいわきょうりょくたいのせっちとうにかんするせいれい,,平成二十年十月八日,平成２７年８月１日（基準日）現在のデータ,,,,,420CO0000000310,https://elaws.e-gov.go.jp/document?lawid=420CO0000000310_20150801_000000000000000,,
府省令,昭和五十六年法務省令第五十九号,被収容者処遇規則,ひしゅうようしゃしょぐうきそく,,昭和五十六年十一月十日,出入国管理及び難民認定法及び法務省設置法の一部を改正する法律の施行に伴う法務省関係省令の整備等に関する省令,平成三十一年法務省令第七号,平成三十一年三月十五日,平成三十一年四月一日,,356M50000010059,https://elaws.e-gov.go.jp/document?lawid=356M50000010059_20190401_431M60000010007,,
府省令,平成二十一年法務省令第五十二号,出入国管理及び難民認定法別表第一の二の表の技能実習の項の下欄に規定する事業上の関係を有する外国の公私の機関を定める省令,しゅつにゅうこくかんりおよびなんみんにんていほうべっぴょうだいいちのにのひょうのぎのうじっしゅうのこうのからんにきていするじぎょうじょうのかんけいをゆうするがいこくのこうしのきかんをさだめるしょうれい,,平成二十一年十二月二十五日,出入国管理及び難民認定法施行規則等の一部を改正する等の省令,平成二十九年法務省令第十九号,平成二十九年四月七日,平成二十九年十一月一日,,421M60000010052,https://elaws.e-gov.go.jp/document?lawid=421M60000010052_20171101_429M60000010019,○,
府省令,平成二十一年法務省令第五十三号,出入国管理及び難民認定法別表第一の二の表の技能実習の項の下欄に規定する団体の要件を定める省令,しゅつにゅうこくかんりおよびなんみんにんていほうべっぴょうだいいちのにのひょうのぎのうじっしゅうのこうのからんにきていするだんたいのようけんをさだめるしょうれい,,平成二十一年十二月二十五日,出入国管理及び難民認定法施行規則等の一部を改正する等の省令,平成二十九年法務省令第十九号,平成二十九年四月七日,平成二十九年十一月一日,,421M60000010053,https://elaws.e-gov.go.jp/document?lawid=421M60000010053_20171101_429M60000010019,○,
府省令,平成二十一年法務省令第五十一号,出入国管理及び難民認定法第二十条の二第二項の基準を定める省令,しゅつにゅうこくかんりおよびなんみんにんていほうだいにじゅうじょうのにだいにこうのきじゅんをさだめるしょうれい,,平成二十一年十二月二十五日,出入国管理及び難民認定法施行規則等の一部を改正する等の省令,平成二十九年法務省令第十九号,平成二十九年四月七日,平成二十九年十一月一日,,421M60000010051,https://elaws.e-gov.go.jp/document?lawid=421M60000010051_20171101_429M60000010019,,
法律,平成二十二年法律第四十三号,国際連合安全保障理事会決議第千八百七十四号等を踏まえ我が国が実施する貨物検査等に関する特別措置法,こくさいれんごうあんぜんほしょうりじかいけつぎだいせんはっぴゃくななじゅうよんごうとうをふまえわがくにがじっしするかもつけんさとうにかんするとくべつそちほう,,平成二十二年六月四日,平成２７年８月１日（基準日）現在のデータ,,,,,422AC0000000043,https://elaws.e-gov.go.jp/document?lawid=422AC0000000043_20150801_000000000000000,,
政令,平成二十二年政令第十号,ハイチ国際平和協力隊の設置等に関する政令,はいちこくさいへいわきょうりょくたいのせっちとうにかんするせいれい,,平成二十二年二月五日,平成２７年８月１日（基準日）現在のデータ,,,,,422CO0000000010,https://elaws.e-gov.go.jp/document?lawid=422CO0000000010_20150801_000000000000000,,
政令,平成二十二年政令第百五十八号,国際連合安全保障理事会決議第千八百七十四号等を踏まえ我が国が実施する貨物検査等に関する特別措置法施行令,こくさいれんごうあんぜんほしょうりじかいけつぎだいせんはっぴゃくななじゅうよんごうとうをふまえわがくにがじっしするかもつけんさとうにかんするとくべつそちほうせこうれい,,平成二十二年六月二十三日,国際連合安全保障理事会決議第千八百七十四号等を踏まえ我が国が実施する貨物検査等に関する特別措置法施行令の一部を改正する政令,平成三十年政令第四十二号,平成三十年二月二十八日,平成三十年三月十日,,422CO0000000158,https://elaws.e-gov.go.jp/document?lawid=422CO0000000158_20180310_430CO0000000042,,
政令,平成二十二年政令第二百一号,東ティモール国際平和協力隊の設置等に関する政令,ひがしてぃもーるこくさいへいわきょうりょくたいのせっちとうにかんするせいれい,,平成二十二年九月十四日,平成２７年８月１日（基準日）現在のデータ,,,,,422CO0000000201,https://elaws.e-gov.go.jp/document?lawid=422CO0000000201_20150801_000000000000000,,
政令,平成二十二年政令第二百四十三号,スーダン住民投票監視国際平和協力隊の設置等に関する政令,すーだんじゅうみんとうひょうかんしこくさいへいわきょうりょくたいのせっちとうにかんするせいれい,,平成二十二年十二月十五日,平成２７年８月１日（基準日）現在のデータ,,,,,422CO0000000243,https://elaws.e-gov.go.jp/document?lawid=422CO0000000243_20150801_000000000000000,,
府省令,平成二十二年国土交通省令第三十六号,国際連合安全保障理事会決議第千八百七十四号等を踏まえ我が国が実施する貨物検査等に関する特別措置法第十条の規定により管区海上保安本部長に委任する権限を定める省令,こくさいれんごうあんぜんほしょうりじかいけつぎだいせんはっぴゃくななじゅうよんごうとうをふまえわがくにがじっしするかもつけんさとうにかんするとくべつそちほうだいじゅうじょうのきていによりかんくかいじょうほあんほんぶちょうにいにんするけんげんをさだめるしょうれい,,平成二十二年六月二十三日,平成２８年１０月１日（基準日）現在のデータ,,,,,422M60000800036,https://elaws.e-gov.go.jp/document?lawid=422M60000800036_20161001_000000000000000,,
府省令,平成二十二年財務省・国土交通省令第三号,国際連合安全保障理事会決議第千八百七十四号等を踏まえ我が国が実施する貨物検査等に関する特別措置法施行規則,こくさいれんごうあんぜんほしょうりじかいけつぎだいせんはっぴゃくななじゅうよんごうとうをふまえわがくにがじっしするかもつけんさとうにかんするとくべつそちほうせこうきそく,,平成二十二年六月二十三日,平成２８年１０月１日（基準日）現在のデータ,,,,,422M60000840003,https://elaws.e-gov.go.jp/document?lawid=422M60000840003_20161001_000000000000000,,
府省令,平成二十二年外務省・財務省・国土交通省令第一号,国際連合安全保障理事会決議第千八百七十四号等を踏まえ我が国が実施する貨物検査等に関する特別措置法施行令別表の三の項の規定に基づき物資を定める省令,こくさいれんごうあんぜんほしょうりじかいけつぎだいせんはっぴゃくななじゅうよんごうとうをふまえわがくにがじっしするかもつけんさとうにかんするとくべつそちほうせこうれいべっぴょうのさんのこうのきていにもとづきぶっしをさだめるしょうれい,,平成二十二年七月二日,国際連合安全保障理事会決議第千八百七十四号等を踏まえ我が国が実施する貨物検査等に関する特別措置法施行令別表の規定に基づき物資を定める省令の一部を改正する省令,平成二十九年外務省・財務省・国土交通省令第三号,平成二十九年十月十三日,平成二十九年十月十六日,,422M60000860001,https://elaws.e-gov.go.jp/document?lawid=422M60000860001_20171016_429M60000860003,,
政令,平成二十三年政令第四百二十号,日本国との平和条約に基づき日本の国籍を離脱した者等の出入国管理に関する特例法施行令,にほんこくとのへいわじょうやくにもとづきにほんのこくせきをりだつしたものとうのしゅつにゅうこくかんりにかんするとくれいほうせこうれい,,平成二十三年十二月二十六日,出入国管理及び難民認定法及び法務省設置法の一部を改正する法律の施行に伴う関係政令の整備等に関する政令,平成三十一年政令第三十八号,平成三十一年三月十五日,平成三十一年四月一日,,423CO0000000420,https://elaws.e-gov.go.jp/document?lawid=423CO0000000420_20190401_431CO0000000038,,
政令,平成二十三年政令第四百二十一号,出入国管理及び難民認定法及び日本国との平和条約に基づき日本の国籍を離脱した者等の出入国管理に関する特例法の一部を改正する等の法律の施行に伴う関係政令の整備及び経過措置に関する政令　抄,しゅつにゅうこくかんりおよびなんみんにんていほうおよびにほんこくとのへいわじょうやくにもとづきにほんのこくせきをりだつしたものとうのほうりつのせこうにともなうかんけいせいれいのせいびおよびけいかそちにかんするせいれい　しょう,,平成二十三年十二月二十六日,出入国管理及び難民認定法及び法務省設置法の一部を改正する法律の施行に伴う関係政令の整備等に関する政令,平成三十一年政令第三十八号,平成三十一年三月十五日,平成三十一年四月一日,,423CO0000000421,https://elaws.e-gov.go.jp/document?lawid=423CO0000000421_20190401_431CO0000000038,,
府省令,平成二十三年法務省令第四十三号,出入国管理及び難民認定法及び日本国との平和条約に基づき日本の国籍を離脱した者等の出入国管理に関する特例法の一部を改正する等の法律の施行に伴う法務省関係省令の整備及び経過措置に関する省令　抄,しゅつにゅうこくかんりおよびなんみんにんていほうおよびにほんこくとのへいわじょうやくにもとづきにほんのこくせきをりだつしたものとうのしゅつにゅうこくかんりにかんするとくれいほうのいちぶをかいせいするとうのほうりつのせこうにともなうほうむしょうかんけいしょうれいのせいびおよびけいかそちにかんするしょうれい,,平成二十三年十二月二十六日,平成２９年４月１日（基準日）現在のデータ,,平成二十九年四月一日,,,423M60000010043,https://elaws.e-gov.go.jp/document?lawid=423M60000010043_20170401_999M60000010043,,
府省令,平成二十三年法務省令第四十四号,日本国との平和条約に基づき日本の国籍を離脱した者等の出入国管理に関する特例法施行規則,にほんこくとのへいわじょうやくにもとづきにほんのこくせきをりだつしたものとうのしゅつにゅうこくかんりにかんするとくれいほうせこうきそく,,平成二十三年十二月二十六日,出入国管理及び難民認定法施行規則等の一部を改正する省令,令和元年法務省令第十号,令和元年六月二十八日,令和元年七月一日,,423M60000010044,https://elaws.e-gov.go.jp/document?lawid=423M60000010044_20190701_501M60000010010,,
府省令,平成二十三年外務省令第九号,東日本大震災の被災者に係る一般旅券の発給の特例に関する法律施行規則,ひがしにほんだいしんさいのひさいしゃにかかるいっぱんりょけんのはっきゅうのとくれいにかんするほうりつせこうきそく,,平成二十三年六月八日,平成２８年１０月１日（基準日）現在のデータ,,,,,423M60000020009,https://elaws.e-gov.go.jp/document?lawid=423M60000020009_20161001_000000000000000,,
府省令,平成二十四年法務省令第二十五号,出入国管理及び難民認定法施行令第二条等に規定する伝達の方法等を定める省令,しゅつにゅうこくかんりおよびなんみんにんていほうせこうれいだいにじょうとうにきていするでんたつのほうほうとうをさだめるしょうれい,,平成二十四年六月十五日,出入国管理及び難民認定法及び法務省設置法の一部を改正する法律の施行に伴う法務省関係省令の整備等に関する省令,平成三十一年法務省令第七号,平成三十一年三月十五日,平成三十一年四月一日,,424M60000010025,https://elaws.e-gov.go.jp/document?lawid=424M60000010025_20190401_431M60000010007,,
府省令,平成二十四年総務省・法務省令第一号,住民基本台帳法施行令第三十条の三十及び出入国管理及び難民認定法施行令第六条第三項等に規定する通知の方法を定める省令,じゅうみんきほんだいちょうほうせこうれいだいさんじゅうじょうのさんじゅうおよびしゅつにゅうこくかんりおよびなんみんにんていほうせこうれいだいろくじょうだいさんこうとうにきていするつうちのほうほうをさだめるしょうれい,,平成二十四年六月十五日,平成２８年１０月１日（基準日）現在のデータ,,,,,424M60000018001,https://elaws.e-gov.go.jp/document?lawid=424M60000018001_20161001_000000000000000,,
府省令,平成二十五年内閣府令第六十九号,武力攻撃事態等における国民の保護のための措置に関する法律の規定による処分に係る公用令書等の様式を定める内閣府令,ぶりょくこうげきじたいとうにおけるこくみんのほごのためのそちにかんするほうりつのきていによるしょぶんにかかるこうようれいしょとうのようしきをさだめるないかくふれい,,平成二十五年十月一日,平成２８年１０月１日（基準日）現在のデータ,,,,,425M60000002069,https://elaws.e-gov.go.jp/document?lawid=425M60000002069_20161001_000000000000000,,
法律,平成二十六年法律第百二十四号,国際連合安全保障理事会決議第千二百六十七号等を踏まえ我が国が実施する国際テロリストの財産の凍結等に関する特別措置法,こくさいれんごうあんぜんほしょうりじかいけつぎだいせんにひゃくろくじゅうななごうとうをふまえわがくにがじっしするこくさいてろりすとのざいさんのとうけつとうにかんするとくべつそちほう,,平成二十六年十一月二十七日,特定複合観光施設区域整備法,平成三十年法律第八十号,平成三十年七月二十七日,平成三十一年四月一日,,426AC0000000124,https://elaws.e-gov.go.jp/document?lawid=426AC0000000124_20190401_430AC0000000080,,
法律,平成二十六年法律第五十七号,重大な犯罪を防止し、及びこれと戦う上での協力の強化に関する日本国政府とアメリカ合衆国政府との間の協定の実施に関する法律,じゅうだいなはんざいをぼうししおよびこれとたたかううえでのきょうりょくのきょうかにかんするにほんこくせいふとあめりかがっしゅうこくせいふとのあいだのきょうていのじっしにかんするほうりつ,,平成二十六年六月四日,出入国管理及び難民認定法及び法務省設置法の一部を改正する法律,平成三十年法律第百二号,平成三十年十二月十四日,平成三十一年四月一日,,426AC0000000057,https://elaws.e-gov.go.jp/document?lawid=426AC0000000057_20190401_430AC0000000102,,
法律,平成二十七年法律第二十四号,緑の気候基金への拠出及びこれに伴う措置に関する法律,みどりのきこうききんへのきょしゅつおよびこれにともなうそちにかんするほうりつ,,平成二十七年五月二十日,平成２７年８月１日（基準日）現在のデータ,,,,,427AC0000000024,https://elaws.e-gov.go.jp/document?lawid=427AC0000000024_20150801_000000000000000,,
法律,平成二十七年法律第七十七号,国際平和共同対処事態に際して我が国が実施する諸外国の軍隊等に対する協力支援活動等に関する法律,こくさいへいわきょうどうたいしょじたいにさいしてわがくにがじっしするしょがいこくのぐんたいとうにたいするきょうりょくしえんかつどうとうにかんするほうりつ,,平成二十七年九月三十日,,,,平成二十八年三月二十九日,,427AC0000000077,https://elaws.e-gov.go.jp/document?lawid=427AC0000000077_20160329_000000000000000,,
政令,平成二十七年政令第三百五十六号,国際連合安全保障理事会決議第千二百六十七号等を踏まえ我が国が実施する国際テロリストの財産の凍結等に関する特別措置法施行令,こくさいれんごうあんぜんほしょうりじかいけつぎだいせんにひゃくろくじゅうななごうとうをふまえわがくにをじっしするこくさいてろりすとのざいほうのとうけつとうにかんするとくべつそちほうせこうれい,,平成二十七年十月二日,漁業法等の一部を改正する等の法律の施行に伴う関係政令の整備及び経過措置に関する政令,令和二年政令第二百十七号,令和二年七月八日,令和二年十二月一日,,427CO0000000356,https://elaws.e-gov.go.jp/document?lawid=427CO0000000356_20201201_502CO0000000217,,
府省令,平成二十七年法務省令第三号,入国審査官及び入国警備官の証票の様式に関する省令,にゅうこくしんさかんおよびにゅうこくけいびかんのしょうひょうのようしきにかんするしょうれい,,平成二十七年一月二十一日,出入国管理及び難民認定法及び法務省設置法の一部を改正する法律の施行に伴う法務省関係省令の整備等に関する省令,平成三十一年法務省令第七号,平成三十一年三月十五日,平成三十一年四月一日,,427M60000010003,https://elaws.e-gov.go.jp/document?lawid=427M60000010003_20190401_431M60000010007,,
府省令,平成二十七年財務省令第八十二号,緑の気候基金への拠出に伴う国債の発行等に関する省令,みどりのきこうききんへのきょしゅつにともなうこくさいのはっこうとうにかんするしょうれい,,平成二十七年十月二十日,平成２８年１０月１日（基準日）現在のデータ,,,,,427M60000040082,https://elaws.e-gov.go.jp/document?lawid=427M60000040082_20161001_000000000000000,,
府省令,平成二十七年防衛省令第六号,防衛省の所管に属する物品の譲与を受けた民間海外援助団体の報告に関する省令,ぼうえいしょうのしょかんにぞくするぶっぴんのじょうよをうけたみんかんかいがいえんじょだんたいのほうこくにかんするしょうれい,,平成二十七年四月一日,平成２８年１０月１日（基準日）現在のデータ,,,,,427M60002000006,https://elaws.e-gov.go.jp/document?lawid=427M60002000006_20161001_000000000000000,,
府省令,平成二十七年国家公安委員会規則第十六号,国際連合安全保障理事会決議第千二百六十七号等を踏まえ我が国が実施する国際テロリストの財産の凍結等に関する特別措置法施行規則,こくさいれんごうあんぜんほしょうりじかいけつぎだいせんにひゃくろくじゅうななごうとうをふまえわがくにがじっしするこくさいてろりすとのざいさんのとうけつとうにかんするとくべつそちほうせこうきそく,,平成二十七年十月二日,地方警務官の懲戒の取扱に関する規程等の一部を改正する規則,令和元年国家公安委員会規則第三号,令和元年六月二十一日,令和元年七月一日,,427M60400000016,https://elaws.e-gov.go.jp/document?lawid=427M60400000016_20190701_501M60400000003,,
府省令,平成二十七年国家公安委員会規則第十七号,国際連合安全保障理事会決議第千二百六十七号等を踏まえ我が国が実施する国際テロリストの財産の凍結等に関する特別措置法の規定に基づく意見の聴取の実施に関する規則,こくさいれんごうあんぜんほしょうりじかいけつぎだいせんにひゃくろくじゅうななごうとうをふまえわがくにがじっしするこくさいてろりすとのざいさんのとうけつとうにかんするとくべつそちほうのきていにもとづくいけんのちょうしゅのじっしにかんするきそく,,平成二十七年十月二日,地方警務官の懲戒の取扱に関する規程等の一部を改正する規則,令和元年国家公安委員会規則第三号,令和元年六月二十一日,令和元年七月一日,,427M60400000017,https://elaws.e-gov.go.jp/document?lawid=427M60400000017_20190701_501M60400000003,,
法律,平成二十八年法律第八十九号,外国人の技能実習の適正な実施及び技能実習生の保護に関する法律,がいこくじんのぎのうじっしゅうのてきせいなじっしおよびぎのうじっしゅうせいのほごにかんするほうりつ,,平成二十八年十一月二十八日,雇用保険法等の一部を改正する法律,平成二十九年法律第十四号,平成二十九年三月三十一日,令和二年三月三十日,,428AC0000000089,https://elaws.e-gov.go.jp/document?lawid=428AC0000000089_20200330_429AC0000000014,,
府省令,平成二十八年法務省・厚生労働省令第四号,外国人技能実習機構の財務及び会計に関する省令,がいこくじんぎのうじっしゅうきこうのざいむおよびかいけいにかんするしょうれい,,平成二十八年十一月二十八日," ",,,平成二十八年十一月二十八日,,428M60000110004,https://elaws.e-gov.go.jp/document?lawid=428M60000110004_20161128_000000000000000,,
政令,平成二十九年政令第百三十六号,外国人の技能実習の適正な実施及び技能実習生の保護に関する法律施行令,がいこくじんのぎのうじっしゅうのてきせいなじっしおよびぎのうじっしゅうせいのほごにかんするほうりつせこうれい,,平成二十九年四月七日,出入国管理及び難民認定法及び法務省設置法の一部を改正する法律の施行に伴う関係政令の整備等に関する政令,平成三十一年政令第三十八号,平成三十一年三月十五日,平成三十一年四月一日,,429CO0000000136,https://elaws.e-gov.go.jp/document?lawid=429CO0000000136_20190401_431CO0000000038,,
政令,平成十六年政令第二百八十号,武力攻撃事態等における特定公共施設等の利用に関する法律施行令,ぶりょくこうげきじたいとうにおけるとくていこうきょうしせつとうのりようにかんするほうりつせこうれい,,平成十六年九月十五日,平成２７年８月１日（基準日）現在のデータ,,,,,416CO0000000280,https://elaws.e-gov.go.jp/document?lawid=416CO0000000280_20150801_000000000000000,,
政令,平成十五年政令第二百五十二号,武力攻撃事態等及び存立危機事態における我が国の平和と独立並びに国及び国民の安全の確保に関する法律施行令,ぶりょくこうげきじたいとうおよびそんりつききじたいにおけるわがくにのへいわとどくりつならびにくにおよびこくみんのあんぜんのかくほにかんするほうりつせこうれい,,平成十五年六月十三日,出入国管理及び難民認定法及び法務省設置法の一部を改正する法律の施行に伴う関係政令の整備等に関する政令,平成三十一年政令第三十八号,平成三十一年三月十五日,平成三十一年四月一日,,415CO0000000252,https://elaws.e-gov.go.jp/document?lawid=415CO0000000252_20190401_431CO0000000038,,
法律,平成九年法律第三十五号,中東・北アフリカ経済協力開発銀行への加盟に伴う措置に関する法律,ちゅうとう・きたあふりかけいざいきょうりょくかいはつぎんこうへのかめいにともなうそちにかんするほうりつ,,平成九年四月十一日,平成２９年４月１日（基準日）現在のデータ,,,令和九十九年十二月三十一日,協定が日本国について効力を生ずる日,409AC0000000035,https://elaws.e-gov.go.jp/document?lawid=409AC0000000035_21171231_999AC0000000035,○,
法律,平成十一年法律第六十号,重要影響事態に際して我が国の平和及び安全を確保するための措置に関する法律,しゅうへんじたいにさいしてわがくにのへいわおよびあんぜんをかくほするためのそちにかんするほうりつ,,平成十一年五月二十八日,我が国及び国際社会の平和及び安全の確保に資するための自衛隊法等の一部を改正する法律,平成二十七年法律第七十六号,平成二十七年九月三十日,平成二十八年三月二十九日,,411AC0000000060,https://elaws.e-gov.go.jp/document?lawid=411AC0000000060_20160329_427AC0000000076,,
政令,平成十一年政令第二百五十三号,重要影響事態に際して我が国の平和及び安全を確保するための措置に関する法律第三条第一項第四号の関係行政機関を定める政令,じゅうようえいきょうじたいにさいしてわがくにのへいわおよびあんぜんをかくほするためのそちにかんするほうりつだいさんじょうだいいっこうだいよんごうのかんけいぎょうせいきかんをさだめるせいれい,,平成十一年八月十八日,出入国管理及び難民認定法及び法務省設置法の一部を改正する法律の施行に伴う関係政令の整備等に関する政令,平成三十一年政令第三十八号,平成三十一年三月十五日,平成三十一年四月一日,,411CO0000000253,https://elaws.e-gov.go.jp/document?lawid=411CO0000000253_20190401_431CO0000000038,,
法律,平成十六年法律第百六十二号,アメリカ合衆国の千九百十六年の反不当廉売法に基づき受けた利益の返還義務等に関する特別措置法,あめりかがっしゅうこくのせんきゅうひゃくじゅうろくねんのはんふとうけんばいほうにもとづきうけたりえきのへんかんぎむとうにかんするとくべつそちほう,,平成十六年十二月八日,平成２８年１０月１日（基準日）現在のデータ,,,,,416AC0000000162,https://elaws.e-gov.go.jp/document?lawid=416AC0000000162_20161001_000000000000000,○,
府省令,昭和五十六年法務省令第五十四号,出入国管理及び難民認定法施行規則,しゅつにゅうこくかんりおよびなんみんにんていほうせこうきそく,,昭和五十六年十月二十八日,出入国管理及び難民認定法施行規則の一部を改正する省令,令和二年法務省令第三十九号,令和二年五月二十九日,令和二年五月二十九日,,356M50000010054,https://elaws.e-gov.go.jp/document?lawid=356M50000010054_20200529_502M60000010039,,
府省令,平成四年総理府令第四十二号,国際連合平和維持活動等に対する協力に関する法律施行規則,こくさいれんごうへいわいじかつどうとうにたいするきょうりょくにかんするほうりつせこうきそく,,平成四年八月七日,平成２８年１０月１日（基準日）現在のデータ,,,,,404M50000002042,https://elaws.e-gov.go.jp/document?lawid=404M50000002042_20161001_000000000000000,,
法律,平成四年法律第七十九号,国際連合平和維持活動等に対する協力に関する法律,こくさいれんごうへいわいじかつどうとうにたいするきょうりょくにかんするほうりつ,,平成四年六月十九日,防衛省設置法等の一部を改正する法律,平成三十一年法律第十九号,平成三十一年四月二十六日,令和元年七月十八日,,404AC0000000079,https://elaws.e-gov.go.jp/document?lawid=404AC0000000079_20190718_431AC0000000019,,
政令,平成四年政令第二百六十八号,国際連合平和維持活動等に対する協力に関する法律施行令,こくさいれんごうへいわいじかつどうとうにたいするきょうりょくにかんするほうりつせこうれい,,平成四年八月七日,国際連合平和維持活動等に対する協力に関する法律施行令の一部を改正する政令,平成三十一年政令第百四十七号,平成三十一年四月五日,平成三十一年四月五日,,404CO0000000268,https://elaws.e-gov.go.jp/document?lawid=404CO0000000268_20190405_431CO0000000147,,
法律,昭和二十六年政令第三百十九号,出入国管理及び難民認定法,しゅつにゅうこくかんりおよびなんみんにんていほう,,昭和二十六年十月四日,医薬品、医療機器等の品質、有効性及び安全性の確保等に関する法律等の一部を改正する法律,令和元年法律第六十三号,令和元年十二月四日,令和二年四月一日,,326CO0000000319,https://elaws.e-gov.go.jp/document?lawid=326CO0000000319_20200401_501AC0000000063,,
法律,平成十五年法律第七十九号,武力攻撃事態等及び存立危機事態における我が国の平和と独立並びに国及び国民の安全の確保に関する法律,ぶりょくこうげきじたいとうおよびそんりつききじたいにおけるわがくにのへいわとどくりつならびにくにおよびこくみんのあんぜんのかくほにかんするほうりつ,,平成十五年六月十三日,我が国及び国際社会の平和及び安全の確保に資するための自衛隊法等の一部を改正する法律,平成二十七年法律第七十六号,平成二十七年九月三十日,平成二十八年三月二十九日,,415AC0000000079,https://elaws.e-gov.go.jp/document?lawid=415AC0000000079_20160329_427AC0000000076,,
政令,平成十六年政令第二百七十五号,武力攻撃事態等における国民の保護のための措置に関する法律施行令,ぶりょくこうげきじたいとうにおけるこくみんのほごのためのそちにかんするほうりつせこうれい,,平成十六年九月十五日,新型インフルエンザ等対策特別措置法等の一部を改正する法律の施行に伴う関係政令の整備及び経過措置に関する政令,令和三年政令第二十五号,令和三年二月三日,令和三年二月十三日,,416CO0000000275,https://elaws.e-gov.go.jp/document?lawid=416CO0000000275_20210213_503CO0000000025,,
政令,平成十六年政令第二百七十五号,武力攻撃事態等における国民の保護のための措置に関する法律施行令,ぶりょくこうげきじたいとうにおけるこくみんのほごのためのそちにかんするほうりつせこうれい,,平成十六年九月十五日,医薬品、医療機器等の品質、有効性及び安全性の確保等に関する法律等の一部を改正する法律の一部の施行に伴う関係政令の整備等に関する政令,令和三年政令第一号,令和三年一月五日,令和三年八月一日,,416CO0000000275,https://elaws.e-gov.go.jp/document?lawid=416CO0000000275_20210801_503CO0000000001,○,
法律,平成二十一年法律第五十五号,海賊行為の処罰及び海賊行為への対処に関する法律,かいぞくこういのしょばつおよびかいぞくこういへのたいしょにかんするほうりつ,,平成二十一年六月二十四日,平成２７年８月１日（基準日）現在のデータ,,,,,421AC0000000055,https://elaws.e-gov.go.jp/document?lawid=421AC0000000055_20150801_000000000000000,,
法律,平成二十三年法律第六十四号,東日本大震災の被災者に係る一般旅券の発給の特例に関する法律,ひがしにほんだいしんさいのひさいしゃにかかるいっぱんりょけんのはっきゅうのとくれいにかんするほうりつ,,平成二十三年六月八日,情報通信技術の活用による行政手続等に係る関係者の利便性の向上並びに行政運営の簡素化及び効率化を図るための行政手続等における情報通信の技術の利用に関する法律等の一部を改正する法律,令和元年法律第十六号,令和元年五月三十一日,令和元年十二月十六日,,423AC0000000064,https://elaws.e-gov.go.jp/document?lawid=423AC0000000064_20191216_501AC0000000016,,
政令,平成二十三年政令第百六十五号,東日本大震災の被災者に係る一般旅券の発給の特例に関する法律施行令,ひがしにほんだいしんさいのひさいしゃにかかるいっぱんりょけんのはっきゅうのとくれいにかんするほうりつせこうれい,,平成二十三年六月八日,平成２７年８月１日（基準日）現在のデータ,,,,,423CO0000000165,https://elaws.e-gov.go.jp/document?lawid=423CO0000000165_20150801_000000000000000,,
政令,平成十年政令第百七十八号,出入国管理及び難民認定法施行令,しゅつにゅうこくかんりおよびなんみんにんていほうせこうれい,,平成十年五月二十二日,情報通信技術の活用による行政手続等に係る関係者の利便性の向上並びに行政運営の簡素化及び効率化を図るための行政手続等における情報通信の技術の利用に関する法律等の一部を改正する法律の施行に伴う関係政令の整備等に関する政令,令和元年政令第百八十三号,令和元年十二月十三日,令和元年十二月十六日,,410CO0000000178,https://elaws.e-gov.go.jp/document?lawid=410CO0000000178_20191216_501CO0000000183,,
法律,平成十六年法律第百十二号,武力攻撃事態等における国民の保護のための措置に関する法律,ぶりょくこうげきじたいとうにおけるこくみんのほごのためのそちにかんするほうりつ,,平成十六年六月十八日,建築基準法の一部を改正する法律,平成三十年法律第六十七号,平成三十年六月二十七日,令和元年六月二十五日,,416AC0000000112,https://elaws.e-gov.go.jp/document?lawid=416AC0000000112_20190625_430AC0000000067,,
府省令,平成二年法務省令第十六号,出入国管理及び難民認定法第七条第一項第二号の基準を定める省令,しゅつにゅうこくかんりおよびなんみんにんていほうだいななじょうだいいっこうだいにごうのきじゅんをさだめるしょうれい,,平成二年五月二十四日,出入国管理及び難民認定法第七条第一項第二号の基準を定める省令の一部を改正する省令,令和二年法務省令第四十七号,令和二年八月二十八日,令和二年八月二十九日,,402M50000010016,https://elaws.e-gov.go.jp/document?lawid=402M50000010016_20200829_502M60000010047,,
府省令,平成二年法務省令第十六号,出入国管理及び難民認定法第七条第一項第二号の基準を定める省令,しゅつにゅうこくかんりおよびなんみんにんていほうだいななじょうだいいっこうだいにごうのきじゅんをさだめるしょうれい,,平成二年五月二十四日,出入国管理及び難民認定法第七条第一項第二号の基準を定める省令の一部を改正する省令,令和二年法務省令第四十七号,令和二年八月二十八日,令和四年十一月二十八日,外国弁護士による法律事務の取扱いに関する特別措置法の一部を改正する法律（令和二年法律第三十三号）の施行の日,402M50000010016,https://elaws.e-gov.go.jp/document?lawid=402M50000010016_20221128_502M60000010047,○,
府省令,平成二十九年国土交通省令第六十二号,外国人の技能実習の適正な実施及び技能実習生の保護に関する法律の規定に基づく立入検査をする船員労務官の携帯する身分を示す証明書の様式を定める省令,がいこくじんのぎのうじっしゅうのてきせいなじっしおよびぎのうじっしゅうせいのほごにかんするほうりつのきていにもとづくたちいりけんさをするせんいんろうむかんのけいたいするみぶんをしめすしょうめいしょのようしきをさだめるしょうれい,,平成二十九年十月十一日,,,,平成二十九年十一月一日,,429M60000800062,https://elaws.e-gov.go.jp/document?lawid=429M60000800062_20171101_000000000000000,,
